ENT,Astrepo
ENT,Caprelsa
ENT,Dymista
ENT,Erbitux
ENT,Grastek
ENT,Keytruda
ENT,Lenvima
ENT,Nucala
ENT,Oralair
ENT,Oravig
ENT,Otiprio
ENT,Patanase
ENT,Protonix
ENT,Qnasl
ENT,Ragwitek
ENT,Salagen
ENT,Xolair
ENT,Xtoro
ENT,Xyzal
ENT,Zithromax
Ophthalmic,Vigamox
Ophthalmic,Zymar
Ophthalmic,Vigatex
Ophthalmic,Zirgan
Ophthalmic,Azasite
Ophthalmic,Polytrim
Ophthalmic,Moxeza
Ophthalmic,Besivance
Ophthalmic,Tobrex
Ophthalmic,Zymaxid
Ophthalmic,Vitrasert 
Ophthalmic,Viroptic
Ophthalmic,Natacyn
Ophthalmic,Iquix
Ophthalmic,Ciloxan
Ophthalmic,Baciguent
Ophthalmic,Vira-A
Ophthalmic,Tomycine
Ophthalmic,Tobrasol
Ophthalmic,Sulf-10
Ophthalmic,Terramycin with Polymyxin B Sulfate
Ophthalmic,Roymicin
Ophthalmic,Quixin
Ophthalmic,Ocuflox
Ophthalmic,Ocu-Mycin
Ophthalmic,Ocu-Chlor
Ophthalmic,Neosporin Ophthalmic 
Ophthalmic,Neocidin Ophthalmic Solution
Ophthalmic,Neo-Polycin
Ophthalmic,Isopto Cetamide
Ophthalmic,Ilotycin
Ophthalmic,Gentasol
Ophthalmic,Gentak
Ophthalmic,Gentacidin
Ophthalmic,Genoptic
Ophthalmic,Garamycin Ophthalmic
Ophthalmic,Genoptic
Ophthalmic,Eyemycin
Ophthalmic,Dendrid
Ophthalmic,Chloroptic
Ophthalmic,Chloromycetin Ophthalmic
Ophthalmic,Bleph-10
Ophthalmic,Betadine Ophthalmic Solution
Ophthalmic,AK-Tob
Ophthalmic,AK-Poly-Bac
Ophthalmic,AK-Chlor
PainKillers,Toradol (Pro)
PainKillers,Voltaren (Pro)
PainKillers,Aleve
PainKillers,Mobic (Pro)
PainKillers,Sprix (Pro)
PainKillers,Cambia (Pro)
PainKillers,Vimovo (Pro)
PainKillers,Cataflam (Pro)
PainKillers,Arthrotec (Pro)
PainKillers,Duexis (Pro)
PainKillers,Zipsor (Pro)
PainKillers,Advil (Pro)
PainKillers,Relafen (Pro)
PainKillers,Naprosyn (Pro)
PainKillers,Indocin (Pro)
PainKillers,Zorvolex (Pro)
PainKillers,Advil Liqui-Gels (Pro)
PainKillers,Toradol IV / IM
PainKillers,Ponstel (Pro)
PainKillers,Motrin (Pro)
PainKillers,Naprelan (Pro)
PainKillers,Lodine (Pro)
PainKillers,Feldene (Pro)
PainKillers,Anaprox
PainKillers,Indocin SR (Pro)
PainKillers,Voltaren-XR (Pro)
PainKillers,Motrin IB (Pro)
PainKillers,Clinoril (Pro)
PainKillers,Anaprox-DS
PainKillers,Orudis KT
PainKillers,Dolobid
PainKillers,Daypro (Pro)
PainKillers,Children's Motrin
PainKillers,Ansaid (Pro)
Diabetes,Tolbutamide 
Diabetes,Glimepiride 
Diabetes,Glipizide 
Diabetes,Glyburide 
Diabetes,"Glyburide, micronized"
Diabetes,Repaglinide 
Diabetes,Nateglinide 
Diabetes,Metformin
Diabetes,Acarbose 
Diabetes,Pioglitazone
Diabetes,Exenatide
Diabetes,Liraglutide
Diabetes,Albiglutide
Diabetes,Dulaglutide
Diabetes,Sitagliptin
Diabetes,Saxagliptin
Diabetes,Linagliptin
Diabetes,Canagliflozin
Diabetes,Dapagliflozin
Diabetes,Empagliflozin
